Frame,root_translateX,root_translateY,root_translateZ,root_rotateX,root_rotateY,root_rotateZ,waist_yaw_joint_dof,waist_roll_joint_dof,waist_pitch_joint_dof,head_pitch_joint_dof,head_yaw_joint_dof,telescopic_lift_joint_dof,right_joint1_dof,right_joint2_dof,right_joint3_dof,right_joint4_dof,right_joint5_dof,right_joint6_dof,right_joint7_dof,right_gripper_joint1_dof,right_gripper_joint2_dof,left_joint1_dof,left_joint2_dof,left_joint3_dof,left_joint4_dof,left_joint5_dof,left_joint6_dof,left_joint7_dof,left_gripper_joint1_dof,left_gripper_joint2_dof
0,0.2321719229221344,0.31138402223587036,94.24848937988281,0.2900660784211887,-31.900474417318854,-89.91680974401521,-1.2631662,-5.538896,29.908205,0.0,0.0,77.30924228286743,-6.6531825,67.06579,68.06711,16.197512,-84.44254,1.674429,0.020954968,0.0,0.0,10.603698,68.603874,-73.08785,25.342525,-70.69865,1.7365774,0.008790348,0.0,0.0
1,0.34456080198287964,0.563593327999115,94.18681335449219,0.2541114965077206,-32.05017648244142,-89.55507766190665,-1.6702852,-5.5278835,29.753914,0.0,0.0,77.28827932929993,-6.7334747,67.03644,68.05157,16.057838,-84.32024,1.6872623,0.030779783,0.0,0.0,10.367348,69.21278,-73.212456,24.8702,-70.51968,1.7949866,-0.00051298155,0.0,0.0
2,0.49514225125312805,0.7618348002433777,94.14366149902344,0.3201097833353942,-32.259669699060694,-89.2873430737651,-1.8583165,-5.5889187,29.591473,0.0,0.0,77.27762797927856,-6.8666563,67.18191,68.155785,15.609223,-84.92771,1.730982,0.026436193,0.0,0.0,10.125009,69.58473,-73.060776,24.276844,-70.45705,1.8477535,-0.015046674,0.0,0.0
3,0.6594040989875793,0.9439559578895569,94.07656860351562,0.46250803113078864,-32.21752565122992,-88.9629651497532,-1.9474083,-5.926157,28.842836,0.0,0.0,77.24180558776855,-7.3036513,67.61385,68.72259,15.125023,-86.27219,1.7728972,0.0026699423,0.0,0.0,10.222792,69.67627,-73.120026,23.723843,-70.5735,1.8818899,-0.014798711,0.0,0.0
4,0.8541035652160645,1.0719484090805054,94.10115814208984,0.6066682445722311,-32.30958672783198,-88.56526423453542,-2.004252,-6.3299494,28.233877,0.0,0.0,77.29939559555054,-7.5926557,68.57471,70.4681,14.391249,-87.03308,1.8458267,-0.045485992,0.0,0.0,10.267132,69.76264,-72.94302,23.215374,-69.801796,1.93318,0.0073573156,0.0,0.0
5,1.038782000541687,1.0680304765701294,94.09410858154297,0.967394006796207,-32.22002156089987,-87.87373373403112,-2.110538,-7.0376205,26.780062,0.0,0.0,77.31762269592285,-8.422552,69.591484,72.04213,13.847182,-87.927574,1.8996838,-0.08183361,0.0,0.0,10.673619,69.95716,-73.28045,22.624996,-69.17961,2.0192344,0.026813306,0.0,0.0
6,1.241377353668213,0.9765253663063049,94.06033325195312,1.2308911188480465,-32.408481002361505,-87.1427061998775,-2.0764513,-7.629547,25.70534,0.0,0.0,77.2878084526062,-9.058296,70.52505,73.04043,13.4294195,-88.96352,1.950567,-0.09080638,0.0,0.0,11.157972,70.168236,-74.1069,22.190168,-69.17569,2.0719934,0.03714426,0.0,0.0
7,1.4681237936019897,0.8538596630096436,94.01390075683594,1.3231976940290808,-32.64840606930997,-86.40929014805681,-2.0644403,-7.9684534,24.949423,0.0,0.0,77.23726371383667,-9.350423,70.965965,74.11331,13.285883,-90.09674,1.9783326,-0.088547036,0.0,0.0,11.603886,70.45144,-74.88037,21.81442,-69.60767,2.090664,0.030967902,0.0,0.0
8,1.6722878217697144,0.7405778169631958,93.94564056396484,1.2858722340164317,-33.05000540733037,-85.92573211993935,-1.757162,-7.9425764,24.450577,0.0,0.0,77.1622095451355,-9.356213,70.88322,74.54988,13.2721195,-89.96722,1.973264,-0.10810672,0.0,0.0,11.856083,70.88968,-74.96901,21.403183,-69.607346,2.140988,0.038625874,0.0,0.0
9,1.8497394323349,0.6731460094451904,93.8889389038086,1.4842973753529793,-33.3099052793647,-85.26723624746606,-1.401114,-8.110751,24.046337,0.0,0.0,77.0850394115448,-9.385617,70.33203,78.26761,14.012909,-90.43895,1.9090166,-0.14972164,0.0,0.0,11.909287,71.25927,-74.919975,20.950924,-69.33756,2.1859565,0.06737105,0.0,0.0
10,2.0517590045928955,0.6564252376556396,93.86766815185547,1.5556891358729021,-33.59361871777802,-84.54091498452328,-0.9084565,-8.233041,24.275509,0.0,0.0,77.02406982040405,-8.783355,68.78878,81.729416,15.62266,-91.060646,1.769817,-0.19294778,0.0,0.0,11.727766,71.32164,-74.40959,20.801561,-69.3922,2.2135856,0.092983045,0.0,0.0
11,2.286231756210327,0.7118045687675476,93.83702850341797,1.6904501218784622,-33.71525791712084,-83.68708527881525,-0.443733,-8.558938,24.88732,0.0,0.0,76.95435026741028,-7.6434364,65.94535,84.93847,18.339571,-91.96701,1.5538863,-0.23837323,0.0,0.0,11.261528,71.28597,-73.68837,20.807552,-69.53829,2.2181203,0.1075967,0.0,0.0
12,2.52062726020813,0.848707377910614,93.87875366210938,1.7738823861318487,-33.57046983491646,-83.03249381428368,0.22014204,-8.747198,25.466152,0.0,0.0,76.94782355880737,-6.243173,61.775383,88.75204,21.966795,-91.87333,1.2581391,-0.2853413,0.0,0.0,10.737464,71.455055,-73.21336,21.057564,-69.15913,2.1927073,0.11317629,0.0,0.0
13,2.7783219814300537,1.0726492404937744,93.91215515136719,2.108771197957338,-33.33556284254463,-82.71704250672369,1.3835303,-8.917556,25.99781,0.0,0.0,76.92495921707153,-4.4824944,56.677933,93.48049,25.994024,-91.54061,1.0047638,-0.35929894,0.0,0.0,10.175645,71.519806,-72.54732,21.521248,-68.44976,2.1595953,0.11933774,0.0,0.0
14,3.041901111602783,1.3267196416854858,93.90817260742188,2.3723877355807264,-33.11731985044366,-82.41699729144185,2.6735194,-8.995642,26.747515,0.0,0.0,76.86230281448364,-2.0371768,51.013977,97.936264,29.939363,-90.847084,0.77401984,-0.45419982,0.0,0.0,9.5438595,71.585846,-72.442154,22.100447,-67.51849,2.1225784,0.14137806,0.0,0.0
15,3.3204500675201416,1.6191885471343994,93.87858581542969,2.5862951498559603,-32.639045580615495,-82.25177673264382,3.9422052,-8.98405,27.320086,0.0,0.0,76.79913977241516,1.2297724,44.995472,101.16293,33.46764,-90.68452,0.60106355,-0.5600968,0.0,0.0,8.991655,71.75656,-73.07327,22.582308,-66.24226,2.0945075,0.17022783,0.0,0.0
16,3.562744617462158,1.9363477230072021,94.02118682861328,2.5139306637500667,-32.5250163207818,-81.97154465516664,4.885149,-8.925641,28.300465,0.0,0.0,76.88596585845947,5.6520996,39.637592,103.51596,36.867325,-90.44532,0.46899027,-0.63425577,0.0,0.0,8.696729,71.96024,-74.38137,23.191605,-64.29556,2.0339048,0.18403795,0.0,0.0
17,3.671171188354492,2.2455215454101562,94.10107421875,2.83077274360396,-32.097095913106976,-82.30724973545213,6.0908036,-9.015854,28.716473,0.0,0.0,76.92290881729126,10.936698,35.14426,104.27971,40.16524,-91.30938,0.43806738,-0.69867265,0.0,0.0,8.677425,71.89751,-76.00447,23.987068,-62.941803,1.9633291,0.19139132,0.0,0.0
18,3.7025344371795654,2.545436382293701,94.13070678710938,3.0481335802451466,-31.683404121300388,-82.57483361985867,7.1464195,-9.10191,28.946,0.0,0.0,76.91746095275879,16.72481,31.559885,103.59549,43.67022,-93.07261,0.41358668,-0.77158195,0.0,0.0,8.7319565,71.8505,-77.808556,24.50624,-62.1211,1.905266,0.19065237,0.0,0.0
19,3.67089581489563,2.8545665740966797,94.1306381225586,2.9290867637014903,-31.067234119372735,-82.77171523132068,8.093714,-8.901039,28.906015,0.0,0.0,76.9187841758728,22.762686,28.715578,101.554016,47.199657,-94.5834,0.37236065,-0.82393813,0.0,0.0,8.740227,71.89818,-79.498924,24.788015,-61.529114,1.8683839,0.17440929,0.0,0.0
20,3.565324068069458,3.1603634357452393,94.19447326660156,2.973075656791993,-30.781199208885003,-83.037305048836,9.129176,-8.763827,29.439705,0.0,0.0,76.97168329811096,28.881628,26.62983,98.33799,51.060154,-95.22998,0.31875733,-0.8873131,0.0,0.0,8.600578,71.96089,-81.409775,25.43693,-59.465824,1.8260775,0.16936459,0.0,0.0
21,3.391786575317383,3.4239609241485596,94.25499725341797,2.9780440218453665,-30.20637292937652,-82.84966499486083,9.677975,-8.973351,29.215288,0.0,0.0,77.02674606895447,34.74834,25.62669,93.88945,54.867184,-97.03636,0.33078653,-0.9961247,0.0,0.0,8.69337,71.83626,-83.4558,25.830198,-57.225754,1.8347714,0.17593117,0.0,0.0
22,3.218109607696533,3.6835317611694336,94.2588882446289,2.8824738873703097,-29.81792272902703,-82.55837056494848,9.974005,-9.228073,29.112465,0.0,0.0,77.02086905097961,39.949814,25.347288,89.9212,59.027065,-99.99219,0.33598348,-1.1251922,0.0,0.0,8.686816,71.65684,-85.53259,25.915096,-55.580555,1.8362106,0.15576336,0.0,0.0
23,3.006161689758301,3.909087896347046,94.20771026611328,2.478158711293389,-29.44934311891641,-82.05957437607788,9.99431,-9.2317915,28.96796,0.0,0.0,76.97942594146728,44.160843,25.335886,86.8717,63.490128,-103.54221,0.31849444,-1.2294968,0.0,0.0,8.599168,71.5063,-86.87192,25.95413,-54.60537,1.8079777,0.10811169,0.0,0.0
24,2.808208703994751,4.048685073852539,94.28814697265625,2.035830906100679,-28.787877428340952,-81.69568337658801,10.209997,-9.015524,28.471386,0.0,0.0,77.05682257270813,47.19009,25.336588,84.947105,68.176506,-107.45448,0.3236407,-1.3245432,0.0,0.0,8.3286295,71.4646,-87.55524,26.274334,-53.619,1.7813984,0.0833272,0.0,0.0
25,2.611121654510498,4.1371893882751465,94.2830810546875,1.7233246698091762,-27.96350282813281,-81.07175006949205,10.420914,-9.063809,27.476892,0.0,0.0,77.05120781517029,49.09158,25.450178,83.487564,71.34167,-110.01172,0.355964,-1.4291024,0.0,0.0,8.362587,71.3401,-87.75835,26.463997,-53.192657,1.8132613,0.07911606,0.0,0.0
26,2.4760208129882812,4.124011039733887,94.28881072998047,1.3780036502447055,-27.29558458380108,-80.44895451689041,10.506132,-9.088067,26.46195,0.0,0.0,77.05485561943054,51.112064,25.617014,81.747734,74.03495,-114.736595,0.4408701,-1.5171604,0.0,0.0,8.622479,71.20798,-88.105934,26.453524,-52.711697,1.8384004,0.064075045,0.0,0.0
27,2.3813846111297607,4.09661340713501,94.23652648925781,1.0572716509744782,-26.660243083488965,-79.82455153971728,10.489514,-9.005367,25.434261,0.0,0.0,77.01281646347046,53.20993,25.491514,79.78917,76.77859,-118.90823,0.51372355,-1.5536433,0.0,0.0,8.978095,71.082924,-88.24466,26.469286,-52.49026,1.8278261,0.043389104,0.0,0.0
28,2.3057639598846436,4.10009765625,94.32102966308594,0.7488147013889234,-25.699160667483753,-80.06108040103823,10.930113,-8.4931965,23.91572,0.0,0.0,77.11660603141785,55.704857,25.352633,77.48576,79.67522,-122.32127,0.5780397,-1.5616807,0.0,0.0,9.341647,71.27018,-88.24234,26.62591,-52.30205,1.82684,0.038198616,0.0,0.0
29,2.1885077953338623,4.1495232582092285,94.32777404785156,0.7709521155712634,-25.080402366204478,-80.0228732341004,11.091408,-8.403595,22.79085,0.0,0.0,77.12216118431091,58.65269,25.659012,74.66615,81.66992,-125.560646,0.6519897,-1.5758202,0.0,0.0,9.907946,71.25509,-88.01333,27.037144,-52.38351,1.8365977,0.03798116,0.0,0.0
30,2.1187117099761963,4.193289756774902,94.35870361328125,0.8411142467474337,-24.666079164790744,-80.00805480189163,11.124772,-8.421915,21.897127,0.0,0.0,77.14540699577331,61.631596,26.172695,71.745445,83.83698,-128.75505,0.72994655,-1.5683461,0.0,0.0,10.5805025,71.283035,-87.9517,27.356453,-52.872673,1.836652,0.03520629,0.0,0.0
31,2.0888867378234863,4.268247127532959,94.38784790039062,0.7711597437023132,-24.249808865450095,-79.91766025667137,10.970462,-8.264243,21.083298,0.0,0.0,77.18169430351257,65.136284,26.536783,68.38093,86.12249,-131.5438,0.7949854,-1.5302753,0.0,0.0,11.206794,71.35184,-87.72657,27.751768,-53.603012,1.8022977,0.02447672,0.0,0.0
32,2.0511467456817627,4.39109992980957,94.42557525634766,0.5400719100558186,-23.568632674063487,-80.42758132821207,11.147788,-7.7360544,20.02377,0.0,0.0,77.24069694137573,68.85758,27.000793,64.97366,88.48763,-133.68507,0.84826577,-1.5074629,0.0,0.0,11.641271,71.623795,-87.56183,28.031511,-53.702473,1.7824605,0.032082632,0.0,0.0
33,1.9804693460464478,4.609131336212158,94.3935775756836,0.46620390379133686,-23.023698940903895,-80.27364118066573,10.816909,-7.6647344,19.137411,0.0,0.0,77.22261289215088,72.35993,27.816198,61.419796,89.71984,-135.90532,0.9186921,-1.5118456,0.0,0.0,11.9546995,71.69193,-87.24654,28.18239,-53.433445,1.7830143,0.0357433,0.0,0.0
34,1.949937105178833,4.878974914550781,94.41041564941406,0.587387850767666,-22.633696567863726,-80.15617481234362,10.481413,-7.846874,18.58908,0.0,0.0,77.24202016448974,75.414764,28.748463,58.364796,91.030426,-138.39485,0.98977,-1.4867395,0.0,0.0,12.156485,71.684586,-87.27135,28.450943,-53.490215,1.7667811,0.028901286,0.0,0.0
35,1.960814356803894,5.220881938934326,94.44692993164062,0.5874348884883525,-22.224490469772263,-79.98195139164602,10.047749,-7.85819,18.172092,0.0,0.0,77.29439476585388,78.612526,29.539635,55.477554,92.37826,-140.7056,1.0399452,-1.4299579,0.0,0.0,12.199786,71.71794,-87.25368,29.049036,-53.96209,1.7210734,0.012715596,0.0,0.0
36,1.9649684429168701,5.606591701507568,94.51212310791016,0.37869730892909137,-22.02954302849187,-80.18601301480078,10.043524,-7.3901696,18.099712,0.0,0.0,77.3635719165802,81.61086,30.226492,53.036816,93.69931,-142.5931,1.0700142,-1.3762336,0.0,0.0,11.912959,71.87479,-86.98382,29.731323,-54.18594,1.6785485,0.011892081,0.0,0.0
37,1.9669041633605957,6.055644512176514,94.48294067382812,0.3547173730253358,-21.808350715780417,-80.02927047860872,9.834659,-7.3290076,18.211994,0.0,0.0,77.33945587730408,84.29271,31.021786,51.07578,93.71959,-144.19493,1.1163293,-1.3541718,0.0,0.0,11.4212475,71.87981,-86.68339,30.27822,-54.21235,1.6773952,0.017443862,0.0,0.0
38,2.0363354682922363,6.546575546264648,94.49956512451172,0.5115936697867906,-21.515729570562126,-79.90396749766514,9.736433,-7.538324,18.338743,0.0,0.0,77.36388782119751,86.40679,31.797182,49.77063,93.77189,-145.72932,1.1503569,-1.3141533,0.0,0.0,10.883442,71.91512,-86.80498,30.64811,-54.305443,1.6806623,0.0061991913,0.0,0.0
39,2.1561079025268555,7.066836833953857,94.53665161132812,0.5395428847386808,-20.9509449170403,-79.74621839993216,9.514668,-7.676316,18.107946,0.0,0.0,77.43136027908325,88.7443,32.704033,48.272083,93.879524,-146.94289,1.1658,-1.2594401,0.0,0.0,10.388463,72.00057,-86.86801,30.901472,-54.49185,1.6696082,-0.020833237,0.0,0.0
40,2.1843247413635254,7.2036309242248535,94.74427795410156,0.5607315107050742,-21.05161257763345,-81.35881155603226,11.423417,-6.7632546,18.658497,0.0,0.0,77.68450716590883,92.262115,33.474014,44.806515,92.96003,-148.23703,1.1515025,-1.315788,0.0,0.0,9.404934,72.38104,-88.35342,30.381674,-54.486183,1.7161267,0.004297338,0.0,0.0
41,2.051234006881714,7.199247360229492,94.90380859375,0.3778504052048983,-20.648614401533404,-81.97245320464633,11.34285,-6.5866218,18.24195,0.0,0.0,77.88928488349916,93.483,33.960114,43.187912,93.26867,-148.61755,1.0931406,-1.3222443,0.0,0.0,9.616522,72.718956,-88.453445,29.520233,-54.43052,1.7111108,0.052650806,0.0,0.0
42,1.8976049423217773,7.117094039916992,95.0084228515625,0.09001862137589914,-20.243821254652364,-81.95124728544772,11.059999,-6.471311,17.966171,0.0,0.0,78.03645471191408,93.80992,34.21062,43.077072,93.95623,-149.01749,1.1183474,-1.3113728,0.0,0.0,9.73952,72.84144,-88.03288,29.417107,-54.43699,1.6896797,0.0045490703,0.0,0.0
43,1.7240017652511597,7.007286548614502,95.07807922363281,-0.16372572256349416,-19.866796151519157,-81.7278102400605,10.786269,-6.459162,17.663221,0.0,0.0,78.12918761825563,93.67465,34.324905,43.57973,95.3572,-149.68639,1.2043456,-1.3002453,0.0,0.0,9.643407,72.50807,-87.4275,29.441523,-54.66427,1.6983423,-0.11464685,0.0,0.0
44,1.506505012512207,6.875663757324219,95.05479431152344,-0.36100379284900774,-19.48642019851086,-81.22821685602597,10.662593,-6.787834,17.134941,0.0,0.0,78.12899092292787,92.28987,33.591145,45.10565,97.00719,-152.31131,1.2319354,-1.2888366,0.0,0.0,9.469598,72.45384,-85.86169,28.987707,-55.49317,1.7485871,-0.14062504,0.0,0.0
45,1.3457200527191162,6.655013561248779,95.01791381835938,-0.37635689592906285,-19.313005101895424,-80.9552207342311,10.824384,-6.959498,17.012823,0.0,0.0,78.09791902160646,92.07602,32.586258,45.623764,97.83557,-152.95204,1.1974448,-1.2885814,0.0,0.0,9.255668,72.54271,-85.07652,28.956503,-55.40541,1.7369355,-0.06401551,0.0,0.0
46,1.2533618211746216,6.358817100524902,94.96033477783203,-0.353089014390144,-19.363719420691538,-80.5642910439766,10.896542,-7.074995,17.174648,0.0,0.0,78.03636530494691,92.117676,31.90978,45.97951,98.29116,-153.42296,1.1988373,-1.285813,0.0,0.0,9.038763,72.57397,-84.83312,29.144037,-55.451008,1.7312486,-0.04120992,0.0,0.0
47,1.238468050956726,6.011094570159912,94.93085479736328,-0.2980358584105746,-19.52556924709889,-80.24282090210392,10.969725,-7.219829,17.300682,0.0,0.0,77.99771169281007,91.546486,31.415173,47.012405,99.01969,-154.08958,1.231027,-1.2723323,0.0,0.0,8.83926,72.54185,-84.77637,29.175722,-56.184376,1.7595416,-0.0784474,0.0,0.0
48,1.2380223274230957,5.644168376922607,94.85406494140625,-0.15994715314357108,-19.376535719641453,-80.33964857015107,11.002266,-7.666003,16.870787,0.0,0.0,77.92456487274171,90.23644,31.289894,48.356754,99.704094,-153.80846,1.2098111,-1.288803,0.0,0.0,9.013025,72.52821,-84.887344,29.045218,-56.129448,1.79985,-0.101077124,0.0,0.0
49,1.2644449472427368,5.31097412109375,94.7994613647461,-0.05440083197925475,-19.141506338980598,-80.38922572824268,11.05005,-7.8834405,16.391376,0.0,0.0,77.88098791694642,89.12085,30.794897,49.35915,100.39789,-152.9331,1.1588672,-1.3005658,0.0,0.0,9.041967,72.62376,-84.48913,28.893808,-55.642918,1.7920288,-0.06419093,0.0,0.0
50,1.3771477937698364,4.925585746765137,94.72850799560547,0.15945564202339452,-19.18428434143544,-80.31977807214984,10.9820795,-8.163176,16.3379,0.0,0.0,77.81075576400758,88.30466,30.589773,50.149326,100.93544,-152.55537,1.1306002,-1.3111697,0.0,0.0,9.010447,72.64147,-84.348656,28.733013,-55.508167,1.7913594,-0.054256324,0.0,0.0
51,1.539504051208496,4.526793956756592,94.68994903564453,0.3921487071972517,-19.354568446301453,-80.29787105658501,10.981285,-8.374413,16.392374,0.0,0.0,77.77141073799135,87.57873,30.483173,50.87224,101.44222,-152.983,1.1378171,-1.314286,0.0,0.0,8.950011,72.72815,-84.58651,28.529867,-55.79229,1.8169087,-0.068632215,0.0,0.0
52,1.7081756591796875,4.120333671569824,94.61747741699219,0.6434886781558327,-19.424495848121673,-80.55059094905518,10.989664,-8.564066,16.084526,0.0,0.0,77.71460155105592,86.58815,30.566277,51.30147,101.896904,-152.59875,1.092535,-1.3621426,0.0,0.0,9.2346525,72.93346,-85.34404,28.460396,-55.687084,1.8479588,-0.07694715,0.0,0.0
53,1.8330564498901367,3.7646636962890625,94.60108184814453,0.7918215180940579,-19.39991882207757,-80.77131826540817,11.053608,-8.574939,15.76399,0.0,0.0,77.70588139152528,85.45592,30.455252,51.43654,102.320625,-151.82803,1.0446821,-1.4126726,0.0,0.0,9.51407,73.02333,-85.56933,28.481028,-55.40214,1.8440137,-0.059789166,0.0,0.0
54,1.9749559164047241,3.408426523208618,94.57755279541016,0.9480806439111084,-19.613671434313204,-80.80669501403185,10.9352865,-8.501849,15.845078,0.0,0.0,77.68213490104677,84.63022,30.731339,51.758266,102.66645,-151.58163,1.0168205,-1.4475583,0.0,0.0,9.660241,73.08654,-85.64189,28.588001,-55.593155,1.8282292,-0.06593603,0.0,0.0
55,2.114839553833008,3.1382851600646973,94.60336303710938,1.1165109133848088,-19.80036895939588,-80.86697459160902,10.910601,-8.328238,15.992886,0.0,0.0,77.70793775177003,83.96,31.122011,52.401573,103.066185,-152.28532,1.01923,-1.4495444,0.0,0.0,9.708498,73.15501,-85.4745,28.739666,-56.177475,1.8121767,-0.08907685,0.0,0.0
56,2.2385406494140625,2.9638044834136963,94.51658630371094,1.032019030871163,-20.091098595646812,-80.740786192349,11.052744,-7.8445187,16.200464,0.0,0.0,77.62209514236451,82.98432,30.958591,53.27766,103.891594,-152.7227,0.99230415,-1.4263784,0.0,0.0,9.64035,73.3352,-85.047935,28.54173,-55.90136,1.8024343,-0.09418568,0.0,0.0
57,2.2670328617095947,2.918287992477417,94.61148834228516,1.47793348220563,-20.250836168714695,-81.02499512894494,11.371127,-7.7618136,16.51084,0.0,0.0,77.70314553833009,82.79133,31.066113,53.42577,103.92998,-152.72377,0.9877864,-1.4203564,0.0,0.0,9.733016,73.51858,-84.97574,28.473087,-55.869793,1.7954046,-0.05835229,0.0,0.0
58,2.2508769035339355,2.955040454864502,94.77147674560547,2.059586659045614,-20.53870690987772,-81.28373252924368,11.792986,-7.861088,17.262484,0.0,0.0,77.83732751464845,82.88246,31.204073,53.747047,103.83347,-152.76964,0.99405396,-1.4185306,0.0,0.0,9.639279,73.466156,-85.047104,28.467882,-55.96367,1.7946002,-0.049442567,0.0,0.0
59,2.198817014694214,3.083156108856201,94.95113372802734,2.5442713558337786,-20.84065517038979,-81.40042654412473,11.999469,-8.047025,18.305988,0.0,0.0,78.01011541938783,83.47255,31.321703,53.961983,103.98253,-153.54681,1.0138595,-1.405593,0.0,0.0,9.503689,73.30152,-84.94303,28.466084,-57.81783,1.815392,-0.071881294,0.0,0.0
60,2.08579421043396,3.2664313316345215,94.98389434814453,2.2290305458184636,-20.728340289891626,-81.69912303605454,11.781421,-7.604153,18.24297,0.0,0.0,78.06394437408449,84.38139,32.12689,53.104267,104.07071,-153.53644,0.9782125,-1.4226694,0.0,0.0,10.046862,73.30154,-84.964485,28.613289,-59.35339,1.8054736,-0.12964591,0.0,0.0
61,1.8679383993148804,3.4116222858428955,94.99992370605469,1.983969369954212,-20.476133009902796,-81.70691584304848,11.715232,-7.292331,18.386024,0.0,0.0,78.07397583580018,84.91395,32.20588,52.9798,103.63243,-153.6242,0.972605,-1.433985,0.0,0.0,10.074594,73.07295,-84.85827,28.774475,-59.37778,1.7488644,-0.12365322,0.0,0.0
62,1.6676671504974365,3.546579122543335,94.94701385498047,1.6628493975344742,-20.60426554932861,-81.65629409777044,11.458692,-6.773625,18.972958,0.0,0.0,78.0024025783539,86.537735,32.437782,51.73375,102.92905,-155.08522,1.0161167,-1.421967,0.0,0.0,9.942301,72.72942,-84.20494,28.821314,-59.331398,1.7146302,-0.09955936,0.0,0.0
63,1.4876482486724854,3.6639578342437744,95.0938491821289,0.7774622855776016,-20.729948801815514,-81.17680827652217,10.868032,-6.0369563,19.478834,0.0,0.0,78.11187246894838,86.908585,32.44021,51.98151,102.66295,-155.22234,1.0660095,-1.4104524,0.0,0.0,9.724347,72.55644,-83.9955,28.893188,-59.270542,1.6846647,-0.09361776,0.0,0.0
64,1.328835129737854,3.703206777572632,95.0718765258789,-0.048981070247563395,-20.649467773978216,-80.67511563428748,10.146389,-5.564321,19.884731,0.0,0.0,78.08879951095582,87.277626,32.46525,52.180325,102.50466,-155.30882,1.1049175,-1.4057568,0.0,0.0,9.381917,72.43993,-83.81536,28.991297,-59.205982,1.6624246,-0.08844255,0.0,0.0
65,1.145633339881897,3.7242672443389893,94.97847747802734,-0.5996523904430977,-20.43719101688386,-80.33353254832667,9.818216,-4.7894516,19.809353,0.0,0.0,78.03306916809083,89.336136,32.203423,50.342403,102.335464,-156.88841,1.158793,-1.381283,0.0,0.0,8.831322,72.50118,-82.658585,28.817085,-57.97558,1.6832173,-0.024058705,0.0,0.0
66,1.073742389678955,3.671595811843872,94.89519500732422,-0.7946305466155106,-20.020196274292104,-79.90406003773467,9.685182,-4.8066163,19.330362,0.0,0.0,77.9720161304474,89.695145,31.769257,50.150814,101.98938,-157.06151,1.1811141,-1.3949654,0.0,0.0,8.605001,72.365524,-82.80485,29.014349,-57.960175,1.6709713,-0.044656813,0.0,0.0
67,1.0367991924285889,3.655302047729492,94.81881713867188,-0.91428446030979,-19.518823418965418,-79.7078380273065,9.6300125,-4.8986487,18.690353,0.0,0.0,77.91531423187257,89.97867,31.520378,50.39802,101.83572,-157.30977,1.2204291,-1.417826,0.0,0.0,8.441646,72.180824,-83.16386,29.169678,-58.215073,1.6680882,-0.13178524,0.0,0.0
68,0.9924805760383606,3.712156057357788,94.8189926147461,-1.0673519946557557,-19.1945043834829,-79.96268931398177,9.882307,-4.777406,18.216915,0.0,0.0,77.90946105575563,89.681,31.152649,50.874832,102.18229,-157.09242,1.1603698,-1.4439071,0.0,0.0,8.186369,72.3694,-83.29781,28.831522,-57.620045,1.7145126,-0.14834924,0.0,0.0
69,0.910627007484436,3.7769343852996826,94.8235855102539,-1.3512712643006453,-19.04042655690223,-79.87708223766145,9.78526,-4.7039585,17.909584,0.0,0.0,77.90609339332582,89.72305,31.12478,51.090534,101.62697,-156.00143,1.1229572,-1.4559759,0.0,0.0,8.272328,72.33528,-83.132355,28.961569,-56.75066,1.7309526,-0.11808818,0.0,0.0
70,0.8821823596954346,3.82395076751709,94.87785339355469,-1.3454518702820493,-19.110093250001462,-79.80991181133182,9.7345,-4.8126454,17.950884,0.0,0.0,77.94610003089906,89.95487,31.22957,51.038197,100.976814,-155.03323,1.1289669,-1.4680214,0.0,0.0,8.250372,72.27348,-82.98388,29.076612,-56.96587,1.7315993,-0.10911564,0.0,0.0
71,0.8680559396743774,3.9174742698669434,94.93535614013672,-1.2192706493583683,-19.17465857467113,-79.70076409662705,9.690541,-4.9885545,17.991528,0.0,0.0,77.98980215644838,90.35349,31.31813,50.568493,100.31198,-154.6549,1.174888,-1.4673309,0.0,0.0,8.201811,72.275,-83.28945,29.2195,-58.05858,1.7226794,-0.109952606,0.0,0.0
72,0.8458772897720337,4.065743446350098,94.9881591796875,-1.2565458367749178,-18.996948924521288,-79.84105949498235,9.74869,-5.006187,17.51718,0.0,0.0,78.05903891181947,90.23619,31.396605,50.237236,100.05202,-153.43806,1.1592357,-1.4695007,0.0,0.0,8.460415,72.35143,-83.57219,29.404755,-58.52295,1.7181854,-0.10484029,0.0,0.0
73,0.8028281927108765,4.2315192222595215,94.9466552734375,-1.3729018969333715,-18.93136704129994,-79.67438133205444,9.60868,-4.949316,17.32869,0.0,0.0,78.01170090293886,90.42849,31.474846,49.94779,99.44394,-152.34262,1.1484225,-1.4475865,0.0,0.0,8.490086,72.32446,-83.33253,29.536943,-58.359566,1.7164671,-0.08695569,0.0,0.0
74,0.7959024310112,4.420706748962402,94.9524154663086,-1.2746129837521172,-19.112217503825033,-79.47584514170691,9.459269,-5.1267333,17.635464,0.0,0.0,77.99618581390382,90.65207,31.63755,49.89099,98.98099,-151.66905,1.1524426,-1.4281855,0.0,0.0,8.340221,72.26463,-83.46172,29.591803,-58.258007,1.7222797,-0.082118094,0.0,0.0
75,0.7956141829490662,4.684094429016113,94.98807525634766,-1.1367788314919085,-19.31163563863184,-79.27653796942042,9.365908,-5.3710136,18.08312,0.0,0.0,78.01251748657228,90.863884,31.72071,49.974987,98.881874,-151.5395,1.1645831,-1.4185109,0.0,0.0,8.018524,72.22505,-83.65779,29.651728,-58.345657,1.7279929,-0.09012769,0.0,0.0
76,0.7623080611228943,5.024318218231201,94.99824523925781,-1.2856500300668106,-19.069203098848334,-78.90657998047612,9.386708,-5.3372154,17.952286,0.0,0.0,78.03464869117738,90.466705,31.406076,50.395386,99.27921,-150.60886,1.1318873,-1.4274027,0.0,0.0,7.540555,72.25926,-83.64339,29.453745,-58.02274,1.7231058,-0.107491285,0.0,0.0
77,0.7446994185447693,5.406877040863037,94.94535064697266,-1.3821793295469964,-18.595616426378335,-78.6257007574579,9.307953,-5.3112974,17.521385,0.0,0.0,77.99977997398378,90.348816,31.546587,50.521614,98.56726,-149.99124,1.1153527,-1.4308834,0.0,0.0,7.34177,72.37597,-83.433205,29.361633,-57.464275,1.7123443,-0.09465605,0.0,0.0
78,0.7997223138809204,5.818025588989258,94.94839477539062,-1.1605289008150477,-18.10030164738146,-78.4866311696801,9.391404,-5.5745225,17.157192,0.0,0.0,78.02295425987245,90.568344,31.676537,50.285805,97.6781,-150.30305,1.1176198,-1.4160917,0.0,0.0,7.2707906,72.48062,-83.45622,29.268349,-57.17536,1.7159697,-0.07821417,0.0,0.0
79,0.9619314074516296,6.29106330871582,95.00379943847656,-0.8958447284103206,-17.477812897214495,-78.55518645175692,9.654869,-5.8170547,16.660278,0.0,0.0,78.10727099037172,91.49015,31.836657,49.362926,96.50015,-151.06198,1.1193917,-1.3854835,0.0,0.0,7.3172708,72.635895,-83.72108,29.196148,-57.158314,1.7308354,-0.05586833,0.0,0.0
80,1.2003611326217651,6.403109550476074,95.20397186279297,-0.2973392767697375,-17.639020349356898,-80.89104873450135,11.7082205,-5.540759,17.339697,0.0,0.0,78.33800057029725,91.96978,32.037685,49.53215,95.65857,-150.60336,1.0300076,-1.4021908,0.0,0.0,6.769095,73.377014,-84.773964,28.09314,-57.071686,1.8286288,-0.038805038,0.0,0.0
81,1.2387444972991943,6.228420734405518,95.34725952148438,-0.1472482881798941,-17.47961664568273,-82.07677418295867,11.866863,-5.52062,16.821043,0.0,0.0,78.50357631301881,92.05239,32.56519,47.710716,94.99293,-150.11093,0.9417319,-1.404316,0.0,0.0,7.778414,73.65213,-85.502464,26.973667,-55.965824,1.8029797,0.019698901,0.0,0.0
82,1.231740117073059,5.948147773742676,95.41341400146484,-0.14222090414450778,-17.35150496915601,-82.58002457644831,11.576188,-5.3634896,16.447853,0.0,0.0,78.59254816627504,92.50711,33.15264,46.32296,94.5744,-151.97014,0.9744305,-1.3738705,0.0,0.0,8.573347,73.50053,-85.32051,26.772343,-55.442333,1.744418,-0.009651151,0.0,0.0
83,1.1500709056854248,5.63813591003418,95.45817565917969,-0.18173828705897532,-17.281944705586703,-82.75948964428822,11.368537,-5.271736,16.134161,0.0,0.0,78.64341477012636,92.20914,33.42923,46.41347,95.17657,-154.48602,1.0650511,-1.3359022,0.0,0.0,8.908827,72.76901,-84.386246,26.92648,-55.98733,1.7104383,-0.11435996,0.0,0.0
84,0.9913365244865417,5.318454265594482,95.4027099609375,-0.30093694349455496,-17.008510916735624,-82.43010825475469,11.147564,-5.3329773,15.391395,0.0,0.0,78.61333230590822,91.52933,32.663628,46.47643,95.85445,-155.16464,1.0423479,-1.3472058,0.0,0.0,8.94539,72.551994,-83.37217,26.870028,-56.03401,1.7275485,-0.13433434,0.0,0.0
85,0.8367094397544861,4.959594249725342,95.35253143310547,-0.3576280851792941,-16.818752928128106,-82.18581847653007,10.993795,-5.3149858,14.826214,0.0,0.0,78.57142428016664,91.307816,31.627995,46.054436,96.31975,-154.30505,0.96377665,-1.3518167,0.0,0.0,8.963008,72.44473,-82.54525,26.93219,-55.764317,1.6994509,-0.06514375,0.0,0.0
86,0.7333073019981384,4.541041374206543,95.28834533691406,-0.38754470994477513,-16.89845328237731,-81.80237581825092,10.666104,-5.288246,14.749661,0.0,0.0,78.50891688919069,91.431526,31.075737,45.604214,96.262,-153.94254,0.9552847,-1.3603289,0.0,0.0,8.838838,72.25305,-82.20394,27.16223,-55.97402,1.6706843,-0.04439037,0.0,0.0
87,0.6768037676811218,4.124388694763184,95.2673568725586,-0.39938931299356,-17.0181429568846,-81.56545372793704,10.483457,-5.2389865,14.631506,0.0,0.0,78.48447898483278,91.1552,30.787441,45.796265,96.33906,-154.44925,1.0145181,-1.3688483,0.0,0.0,8.7109165,72.105705,-82.286,27.288424,-56.96158,1.6799945,-0.08019466,0.0,0.0
88,0.620690107345581,3.7554521560668945,95.19447326660156,-0.2780598037791036,-16.74266554677201,-81.82748461161898,10.633249,-5.3815465,13.846816,0.0,0.0,78.43818405723573,90.3877,30.420336,45.89575,96.31171,-153.99683,0.9994868,-1.4044476,0.0,0.0,8.871284,72.16519,-82.74964,27.290468,-56.999653,1.7077271,-0.097181305,0.0,0.0
89,0.5888991355895996,3.4794442653656006,95.16449737548828,-0.19958199951878983,-16.58349992063957,-81.98994032872366,10.719501,-5.321141,13.328979,0.0,0.0,78.41596344566346,89.8151,29.806223,45.86425,96.178185,-152.91397,0.9366843,-1.4246747,0.0,0.0,9.136203,72.29414,-82.769,27.457125,-56.284607,1.6840881,-0.05489773,0.0,0.0
90,0.64958256483078,3.199784517288208,95.12077331542969,-0.08682339794992244,-16.702688773829752,-81.98443928331535,10.590108,-5.2365875,13.251732,0.0,0.0,78.36643794631959,89.690315,29.615429,45.754593,95.730484,-152.5063,0.922104,-1.4328319,0.0,0.0,9.396283,72.21614,-82.32048,27.934849,-55.86824,1.6566277,-0.057178587,0.0,0.0
91,0.766168475151062,2.9485690593719482,95.12262725830078,0.036695131649590956,-16.943232024060002,-82.01404552171371,10.51987,-5.159913,13.294117,0.0,0.0,78.35142949676515,89.39095,29.566433,46.104507,95.43254,-152.87872,0.9574961,-1.4260561,0.0,0.0,9.514762,72.069756,-81.7128,28.299343,-56.145187,1.6678704,-0.09714309,0.0,0.0
92,0.9139550924301147,2.723332405090332,95.05411529541016,0.17002422732065034,-17.147515111521365,-82.14476826981011,10.492956,-5.2283087,13.087845,0.0,0.0,78.27685216522218,88.60401,29.53188,46.43974,95.169044,-152.84486,0.9474492,-1.4214936,0.0,0.0,9.777157,72.0573,-81.33548,28.534603,-56.29468,1.6761367,-0.1108642,0.0,0.0
93,1.0395481586456299,2.5564913749694824,95.02992248535156,0.3219979611673853,-17.23652539385181,-82.23298075944733,10.5217495,-5.2782316,12.917241,0.0,0.0,78.24081519699098,88.015465,29.159168,46.379444,94.8044,-152.16158,0.91547954,-1.4047782,0.0,0.0,10.018312,72.04742,-80.93317,28.8912,-56.345047,1.6221328,-0.06927231,0.0,0.0
94,1.210144281387329,2.3937828540802,95.00126647949219,0.5148557002282269,-17.643104982785676,-82.12461045341747,10.456504,-5.3721137,13.324272,0.0,0.0,78.19490769958497,87.50189,28.882885,46.51723,94.266174,-151.81425,0.9049115,-1.3935214,0.0,0.0,10.146223,72.01051,-80.81513,29.32321,-56.73117,1.5836589,-0.055876177,0.0,0.0
95,1.4140105247497559,2.313459634780884,95.01056671142578,0.6970671446926181,-18.05618147369536,-82.08576546776078,10.576695,-5.4388747,13.804354,0.0,0.0,78.18680742836,86.85533,28.520838,46.79352,93.81529,-151.90804,0.9205817,-1.394363,0.0,0.0,10.098925,72.12526,-81.047646,29.220675,-56.96551,1.615132,-0.07512634,0.0,0.0
96,1.6325262784957886,2.2920923233032227,94.96443939208984,0.9107001723849265,-18.090590529390017,-82.06643707533472,10.793458,-5.720765,13.687197,0.0,0.0,78.14592460250856,84.88358,28.181618,48.052452,93.38457,-152.28635,0.8917751,-1.4114721,0.0,0.0,10.326725,72.48411,-81.53607,28.639523,-57.247173,1.6633346,-0.061393254,0.0,0.0
97,1.8218342065811157,2.394129991531372,94.97859954833984,1.1039131783442637,-17.979013473818366,-82.254732081812,11.07818,-6.0442076,13.664954,0.0,0.0,78.16368678665162,82.7955,27.973358,49.03063,93.05247,-152.33846,0.8631608,-1.4080466,0.0,0.0,10.530167,72.84697,-81.84373,27.811264,-56.789555,1.664294,-0.022745138,0.0,0.0
98,2.0107240676879883,2.5603091716766357,95.00920104980469,1.2637012384837734,-18.19337034294927,-82.1957638565295,11.178452,-6.28406,14.347824,0.0,0.0,78.19364408111574,81.08618,28.155136,50.145714,92.46886,-152.90091,0.86844313,-1.3837682,0.0,0.0,10.479155,73.23753,-82.28219,27.182154,-56.666096,1.6696686,-0.025682602,0.0,0.0
99,2.180293083190918,2.8201346397399902,95.07695007324219,1.4030775286564876,-18.299451842221043,-82.12959344945862,11.395644,-6.4371305,15.009543,0.0,0.0,78.26351860618593,79.2909,28.362776,51.462624,92.115204,-153.8963,0.8910965,-1.3479426,0.0,0.0,10.294591,73.61347,-82.72289,26.604738,-57.111954,1.7120823,-0.06383633,0.0,0.0
100,2.285062074661255,3.1048941612243652,95.02410125732422,1.1227279492053124,-18.44830889863565,-81.77664393486782,11.400713,-6.247582,15.209712,0.0,0.0,78.2274875984192,77.412895,28.442688,51.912476,91.822586,-153.86275,0.8328732,-1.3368466,0.0,0.0,10.549342,73.91708,-82.736145,26.33823,-57.082584,1.711381,-0.07453207,0.0,0.0
101,2.2715818881988525,3.34401273727417,95.07695770263672,1.2747454504328386,-18.56976059046352,-81.80756157297257,11.806693,-6.3988504,15.836492,0.0,0.0,78.26407292938234,75.9383,28.147394,51.837772,91.79274,-154.52449,0.7961864,-1.3347646,0.0,0.0,10.527564,73.79489,-82.38526,26.349228,-56.940582,1.7074538,-0.03740316,0.0,0.0
102,2.251744508743286,3.546426773071289,95.12326049804688,1.449272214056828,-18.947460053677013,-81.82721582259872,12.017417,-6.3806825,16.903534,0.0,0.0,78.28665712928773,75.944374,28.087872,51.60792,92.28873,-156.82832,0.83720195,-1.3203429,0.0,0.0,10.288917,73.53169,-81.80333,26.469154,-57.109768,1.6972579,-0.041952282,0.0,0.0
103,2.221686840057373,3.7080280780792236,95.19471740722656,1.601683266358233,-19.32517777252384,-81.95851898970758,12.140097,-6.262374,17.818825,0.0,0.0,78.33503821945192,76.47493,28.139887,51.688816,93.449104,-157.56339,0.8981329,-1.318813,0.0,0.0,10.045655,73.25829,-80.71954,26.703196,-57.8301,1.6855887,-0.0919068,0.0,0.0
104,2.18009614944458,3.780569553375244,95.15840911865234,1.2601597697658942,-19.105424012311754,-81.7903146979472,11.760716,-5.999539,17.64425,0.0,0.0,78.32281926727296,76.92375,28.144222,51.947853,94.34832,-157.56339,0.8811465,-1.3738122,0.0,0.0,10.004728,73.225685,-80.73989,26.457619,-57.830456,1.7004948,-0.1033859,0.0,0.0
105,2.1435718536376953,3.821338653564453,95.12647247314453,1.0663545531053942,-18.56675561733869,-81.59177446469943,11.555773,-5.956284,16.92916,0.0,0.0,78.31580976104738,77.14138,27.448435,52.129364,95.33398,-157.56339,0.85468215,-1.4306039,0.0,0.0,9.948241,73.34235,-80.66132,26.103355,-57.66372,1.7130413,-0.058202714,0.0,0.0
106,2.1604013442993164,3.7999517917633057,95.0860595703125,1.0182858869763471,-18.195059177574457,-81.32257416058023,11.328414,-5.9961085,16.355206,0.0,0.0,78.29491237258912,77.63761,26.967754,52.526566,95.72546,-157.56339,0.8702354,-1.4532624,0.0,0.0,9.846966,73.32454,-80.63548,26.145428,-57.610424,1.7095649,-0.04865797,0.0,0.0
107,2.1992716789245605,3.7932004928588867,95.08275604248047,1.0778926014933727,-17.799828254099367,-81.16161518808893,11.203043,-6.1402874,15.810733,0.0,0.0,78.3003304347992,78.22586,26.566866,53.107323,96.061745,-157.56339,0.9253763,-1.4456813,0.0,0.0,9.604515,73.233215,-80.84834,26.170649,-57.696396,1.7461478,-0.06740198,0.0,0.0
108,2.2160022258758545,3.8509960174560547,95.0412368774414,1.3112376587291907,-17.39047918610461,-81.37515807371138,11.275885,-6.548531,15.356927,0.0,0.0,78.27685216522218,78.66873,26.144642,53.629734,96.23748,-157.45184,0.9312895,-1.4552066,0.0,0.0,9.354657,73.26108,-81.30473,26.048944,-57.774414,1.8019084,-0.058476236,0.0,0.0
109,2.186389923095703,3.949040174484253,95.01806640625,1.3419832301877248,-16.975841822705625,-81.42386831408758,11.202209,-6.7078595,14.852138,0.0,0.0,78.26307157135011,79.099594,25.646008,53.931995,96.31083,-157.21716,0.9145666,-1.464882,0.0,0.0,9.241937,73.368484,-81.658295,26.20308,-57.73655,1.7771024,-0.021815,0.0,0.0
110,2.2012782096862793,4.055238246917725,95.0042724609375,1.413685398083782,-16.744715452765604,-81.42921551134658,11.105605,-6.818364,14.596199,0.0,0.0,78.24440339660646,79.6513,25.36865,54.143784,96.28811,-157.02075,0.9374783,-1.4628385,0.0,0.0,9.142518,73.34005,-81.97893,26.535662,-57.71698,1.7431471,-0.018148456,0.0,0.0
111,2.2304024696350098,4.187516212463379,95.0267562866211,1.521388701878331,-16.580073876326203,-81.4582893293355,10.949898,-6.980075,14.569038,0.0,0.0,78.25367191886903,80.58308,25.20141,54.00832,96.3214,-156.24084,0.99820787,-1.4548775,0.0,0.0,9.153476,73.35704,-83.162186,27.055162,-57.545883,1.7504112,-0.05633207,0.0,0.0
112,2.2315547466278076,4.378001689910889,95.0042724609375,1.5656785542506795,-16.44761739207303,-81.71424624442787,11.069239,-7.1275115,14.5158,0.0,0.0,78.2354507789612,80.89931,25.063007,54.060867,96.44408,-154.41281,0.96886593,-1.4724873,0.0,0.0,9.107437,73.41589,-84.185646,27.184608,-56.58404,1.7622331,-0.061002236,0.0,0.0
113,2.198153495788574,4.570011615753174,95.00357055664062,1.582972214622907,-16.255874125428548,-81.84300815005173,11.099376,-7.27177,14.385062,0.0,0.0,78.23419908142091,81.1576,24.886965,53.97472,96.46398,-152.83644,0.9154027,-1.4751812,0.0,0.0,9.163529,73.41774,-84.5883,27.522316,-55.474953,1.7212348,-0.02823915,0.0,0.0
114,2.196925163269043,4.770691871643066,95.01616668701172,1.618230903670964,-16.255922247190675,-81.91040894900448,11.036352,-7.3359914,14.567779,0.0,0.0,78.2371197090149,82.03806,25.102436,53.51413,96.37044,-152.05798,0.9074277,-1.468083,0.0,0.0,9.297635,73.38888,-84.87822,28.060343,-55.005466,1.680825,-0.028559813,0.0,0.0
115,2.1990694999694824,5.0460991859436035,95.06596374511719,1.6586271270006,-16.24293475589792,-81.99431197369798,10.980657,-7.4119296,14.828011,0.0,0.0,78.2735560283661,82.97724,25.517914,53.120083,96.26147,-151.92215,0.943367,-1.4596041,0.0,0.0,9.315218,73.345345,-85.11676,28.376652,-55.172016,1.6809472,-0.05828667,0.0,0.0
116,2.1749377250671387,5.3875203132629395,95.04629516601562,1.6143122160555727,-15.804168229543636,-81.85910350974525,10.9316225,-7.665069,14.520848,0.0,0.0,78.26564649200441,83.26072,25.673832,52.81352,96.44295,-152.00998,0.9779923,-1.4518623,0.0,0.0,9.393109,73.116974,-85.09226,28.530798,-55.01854,1.6899197,-0.07819527,0.0,0.0
117,2.1318297386169434,5.757025718688965,95.07264709472656,1.46848048315245,-15.382820805257634,-81.73122059718376,10.826085,-7.8379397,14.237932,0.0,0.0,78.29242685890199,83.4206,25.737965,52.234146,96.66348,-151.48088,0.96811926,-1.4361066,0.0,0.0,9.284662,73.00257,-84.91486,28.341581,-54.42317,1.7018126,-0.06798908,0.0,0.0
118,2.1394078731536865,6.140305519104004,95.08401489257812,1.4124926431060143,-15.261510592850389,-81.63156406083345,10.734269,-8.014534,14.4482975,0.0,0.0,78.29468587493898,84.178055,26.148434,51.890263,96.43978,-151.21524,0.9642428,-1.4218324,0.0,0.0,9.071618,72.99689,-85.09386,28.18412,-54.4124,1.69679,-0.07923642,0.0,0.0
119,2.141433000564575,6.5738701820373535,95.1239013671875,1.4842519811347596,-15.167496422307417,-81.70714775112508,10.696857,-8.214692,14.719883,0.0,0.0,78.32265237426759,85.54843,26.911968,51.27581,96.144295,-151.98282,0.97971916,-1.4113871,0.0,0.0,8.871621,73.08051,-85.277435,28.10108,-54.77881,1.6753027,-0.10673759,0.0,0.0
120,2.0759239196777344,6.667714595794678,95.28144836425781,1.5258595889917441,-15.519283354196777,-83.49391972064365,12.74679,-7.4217625,15.552104,0.0,0.0,78.45814565277101,88.20233,27.098295,49.312134,94.698105,-151.82684,0.93944144,-1.462637,0.0,0.0,8.978293,73.37441,-85.21955,28.440475,-55.05286,1.6764404,-0.07763376,0.0,0.0
121,1.9618219137191772,6.654535293579102,95.3812484741211,1.2464586921785692,-15.652365869585665,-83.85747983774569,12.637727,-7.2112384,15.554091,0.0,0.0,78.56439093208314,88.18579,27.42039,48.35003,94.41299,-151.73428,0.847776,-1.4836277,0.0,0.0,9.147467,73.543915,-85.0591,27.393063,-54.777508,1.6883978,-0.009019819,0.0,0.0
122,1.88503897190094,6.593575954437256,95.43815612792969,1.0269986635821118,-15.652818691848367,-83.5534405703578,12.313709,-7.120197,15.507011,0.0,0.0,78.63350251770021,87.539825,27.658731,48.67681,94.32546,-153.36957,0.884217,-1.4737165,0.0,0.0,9.014521,73.2612,-84.02511,27.009554,-54.571724,1.673734,-0.025845986,0.0,0.0
123,1.8136627674102783,6.491151332855225,95.48250579833984,0.930819198093972,-15.627467181105418,-83.02205477739075,12.029333,-7.232038,15.386845,0.0,0.0,78.68141273117067,85.56088,27.76926,50.925346,95.06566,-155.46033,0.987588,-1.4478208,0.0,0.0,8.579134,72.60686,-82.796234,26.64802,-54.98358,1.6911579,-0.114296034,0.0,0.0
124,1.7307696342468262,6.34443473815918,95.386962890625,0.9593267413028885,-15.485449946433176,-82.32213990744037,11.779887,-7.642036,14.832161,0.0,0.0,78.60868910408021,82.611,27.392794,53.6937,95.3472,-156.28383,0.99258643,-1.4523387,0.0,0.0,8.306288,72.476944,-81.962845,26.053434,-54.42672,1.7528818,-0.14254218,0.0,0.0
125,1.6703884601593018,6.126364231109619,95.30760955810547,1.0062055644043844,-15.586941425100255,-81.7154172422728,11.825348,-7.7667937,14.635249,0.0,0.0,78.53254417037965,79.95068,26.433344,56.249783,95.2418,-156.1269,0.93139136,-1.4561768,0.0,0.0,8.009103,72.5112,-81.145966,25.910694,-53.43512,1.7571892,-0.068500206,0.0,0.0
126,1.647294521331787,5.804717540740967,95.22957611083984,1.0467436668692487,-16.06236792397654,-80.93198375513666,11.795486,-7.7312975,14.819649,0.0,0.0,78.44384649848939,77.53244,25.622139,58.773186,94.56908,-156.25078,0.90347666,-1.4591733,0.0,0.0,7.806717,72.57124,-80.58169,26.083448,-52.923447,1.7456598,-0.032607675,0.0,0.0
127,1.65142023563385,5.405147075653076,95.1789321899414,1.057487569344221,-16.565233006958437,-80.26378791799945,11.786619,-7.618092,14.701256,0.0,0.0,78.38347891426088,74.40339,24.968182,61.942184,93.70434,-156.5579,0.8969726,-1.460755,0.0,0.0,8.048614,72.682526,-80.41024,26.252039,-53.240623,1.7498897,-0.047573663,0.0,0.0
128,1.614725947380066,4.970215320587158,95.06338500976562,1.138514553285095,-16.85852193991463,-80.07284989026046,11.853442,-7.696855,13.926713,0.0,0.0,78.27637532806398,69.82444,24.792347,65.82119,92.57934,-155.65285,0.8004459,-1.4765064,0.0,0.0,8.91136,72.815475,-80.59264,26.22564,-53.23722,1.7710664,-0.07637871,0.0,0.0
129,1.5356459617614746,4.561333656311035,95.0015640258789,1.0613937883388385,-17.09561318453464,-80.06769923877302,12.023864,-7.53949,13.14859,0.0,0.0,78.21475604629518,64.777824,24.66991,70.13132,90.73565,-153.53218,0.6589572,-1.4610305,0.0,0.0,9.819883,73.03721,-81.02586,25.82503,-52.848167,1.7842431,-0.051864937,0.0,0.0
130,1.507314682006836,4.131947040557861,94.94036102294922,1.0271617674957714,-17.666404394745513,-79.92869686454799,11.991229,-7.3858743,12.992249,0.0,0.0,78.13774684524537,60.045185,24.833252,74.334175,88.48216,-150.8725,0.54249907,-1.4034345,0.0,0.0,10.569035,73.170586,-81.908226,25.20767,-52.489956,1.8057728,-0.04852802,0.0,0.0
131,1.4923690557479858,3.724027395248413,94.9158706665039,0.9436855375276108,-18.19809547362697,-79.87882160781268,12.002431,-7.103728,12.943212,0.0,0.0,78.09764484024049,56.094765,25.080017,77.86654,85.89767,-148.12646,0.48859185,-1.3307078,0.0,0.0,11.16936,73.355896,-82.80334,24.471468,-52.45528,1.8465207,-0.06872639,0.0,0.0
132,1.4663163423538208,3.364213228225708,94.82672882080078,0.8530853185700201,-18.47662487281539,-79.8684527399101,12.06648,-6.7432656,12.466578,0.0,0.0,78.00848225212098,52.87614,25.29833,80.23688,83.01037,-142.78981,0.36359394,-1.2572532,0.0,0.0,11.766559,73.62722,-83.31432,23.921604,-51.94216,1.8681952,-0.081433006,0.0,0.0
133,1.4227458238601685,3.0802977085113525,94.77155303955078,0.7848707590700958,-18.46188798602035,-79.98621736554739,11.982214,-6.5452843,12.078556,0.0,0.0,77.96013096427919,49.90227,25.712025,82.04027,80.342384,-135.15427,0.23018846,-1.1128243,0.0,0.0,12.250447,73.737144,-83.153206,23.778837,-51.55364,1.824547,-0.07316401,0.0,0.0
134,1.4261435270309448,2.814502000808716,94.75228881835938,0.7892692414118729,-18.68519743031874,-79.86946098279918,11.671355,-6.415085,12.343795,0.0,0.0,77.94758418655397,47.323036,26.289213,83.512085,77.50285,-126.56636,0.17616382,-0.89559346,0.0,0.0,12.416137,73.6921,-82.80678,23.95868,-51.818886,1.775608,-0.074105404,0.0,0.0
135,1.4722651243209839,2.6331992149353027,94.76238250732422,0.7657824909489296,-18.742741612654605,-79.83888476589513,11.48616,-6.2480154,12.583231,0.0,0.0,77.9751215324402,44.82142,26.897873,84.246994,74.26767,-119.24433,0.21595946,-0.6988136,0.0,0.0,12.281375,73.77372,-82.71891,23.997215,-52.49532,1.7854221,-0.07616483,0.0,0.0
136,1.5572454929351807,2.507535696029663,94.79548645019531,0.7460877201305067,-18.589851083126796,-79.89393731520634,11.396122,-6.0071898,12.225392,0.0,0.0,78.04019192314149,42.321133,27.502079,83.690674,70.67345,-112.57515,0.21038553,-0.5780898,0.0,0.0,12.274189,74.169586,-82.76572,23.982847,-53.211544,1.8134819,-0.052381188,0.0,0.0
137,1.6622557640075684,2.4851293563842773,94.8338851928711,0.8737912978537931,-18.37393556670467,-80.21901482974347,11.467222,-5.8840528,12.339437,0.0,0.0,78.10256222343446,39.98792,28.428505,82.850784,67.976006,-106.51265,0.16965288,-0.502986,0.0,0.0,12.044743,74.52608,-81.83477,24.126698,-53.87629,1.7799698,-0.012761289,0.0,0.0
138,1.7998853921890259,2.5068953037261963,94.8701400756836,1.112181063418968,-18.653242970013547,-80.28923455580116,11.339104,-5.74671,13.48002,0.0,0.0,78.15962174987794,38.32852,29.840464,82.12637,65.84631,-101.44729,0.20259918,-0.41463202,0.0,0.0,11.449691,74.773926,-80.66457,24.516275,-54.907455,1.7521262,0.0046174824,0.0,0.0
139,1.9721016883850098,2.5949530601501465,94.91217041015625,1.3879780663855332,-18.971024888371346,-80.39162952669601,11.198352,-5.576027,14.833184,0.0,0.0,78.21857670402528,36.593876,31.731749,81.31727,63.883507,-98.638565,0.2910789,-0.35271382,0.0,0.0,10.657798,74.9947,-79.6083,24.684864,-56.25343,1.7802283,-0.0024626467,0.0,0.0
140,2.107235908508301,2.7054150104522705,94.9237289428711,1.4869118284571774,-19.32101354921797,-80.4756869960391,10.966493,-5.392824,15.64715,0.0,0.0,78.24668029403688,33.795895,34.17327,80.24327,61.50632,-96.06306,0.3047505,-0.294403,0.0,0.0,10.229831,74.96621,-78.44631,24.770546,-57.00457,1.8107737,-0.026381195,0.0,0.0
141,2.173957347869873,2.76631760597229,94.8846664428711,1.602362283853167,-19.2961472635328,-80.57294321303924,10.590501,-5.4312267,16.175785,0.0,0.0,78.2390866622925,30.297386,37.055603,78.90566,58.5852,-94.83734,0.29702097,-0.259573,0.0,0.0,9.71855,74.887985,-77.5277,24.601078,-57.897675,1.8413372,-0.034165163,0.0,0.0
142,2.255223512649536,2.809938669204712,94.82288360595703,1.7869392655427025,-19.594105297859723,-80.63795663346589,10.140377,-5.342262,17.129341,0.0,0.0,78.20006350135804,26.589735,40.375877,77.26901,54.972706,-95.527336,0.3369931,-0.26306662,0.0,0.0,8.852031,74.60309,-76.022156,24.203907,-58.662567,1.8555586,-0.039781112,0.0,0.0
143,2.332878589630127,2.8175179958343506,94.74990844726562,1.9482282120126866,-20.01654797675983,-80.60648417565658,9.656843,-5.1170654,18.07422,0.0,0.0,78.15571168518068,22.284351,44.25592,75.36239,50.27134,-97.90629,0.41848737,-0.30750674,0.0,0.0,7.732329,74.275246,-74.294395,23.512802,-59.2541,1.8964782,-0.03729615,0.0,0.0
144,2.3982880115509033,2.722677707672119,94.6460189819336,2.0756935533806984,-20.3059666946222,-80.74070109966117,9.200476,-4.9524302,18.643383,0.0,0.0,78.11597326850892,17.367722,48.913784,73.02522,43.81938,-100.573906,0.5390603,-0.31874657,0.0,0.0,6.7015886,73.98484,-73.05924,23.03546,-59.421078,1.9752262,-0.034691554,0.0,0.0
145,2.479931116104126,2.57682466506958,94.53609466552734,2.158103191793654,-20.472796287443263,-80.10060455778692,8.235112,-4.5940547,18.747633,0.0,0.0,78.09260824775697,12.189435,54.388725,71.4011,34.935883,-102.7087,0.7943985,-0.29838943,0.0,0.0,5.7355523,73.97707,-71.885155,22.331211,-59.669067,2.1134434,-0.009528348,0.0,0.0
146,2.6198439598083496,2.356110095977783,94.40987396240234,2.1736540672709457,-21.011650818289294,-79.44072803607997,7.0808396,-3.7461212,18.675222,0.0,0.0,78.06148270225526,6.92097,60.77429,70.78579,25.059937,-103.49555,1.247681,-0.27131277,0.0,0.0,5.1260962,74.17329,-70.95045,21.439972,-59.819122,2.269626,-0.012133613,0.0,0.0
147,2.788072347640991,2.109851360321045,94.29493713378906,2.1169297910385114,-21.53830995479749,-78.98210219154969,5.5670133,-2.6000185,17.105728,0.0,0.0,78.04387549018861,1.0719734,67.61545,70.13438,15.4843645,-104.16577,1.859507,-0.23942213,0.0,0.0,5.571895,74.67115,-69.80458,20.355515,-61.59331,2.426395,-0.04569281,0.0,0.0
148,2.943068265914917,1.8772549629211426,94.26118469238281,1.9053461097325808,-20.248067701287475,-79.22332918892216,3.9143274,-1.668374,10.7182665,0.0,0.0,78.06036213493348,-6.396975,74.44211,68.73861,7.4580207,-103.49119,2.4837816,-0.10463355,0.0,0.0,8.18683,75.325584,-68.54281,19.072884,-64.615486,2.507014,-0.103012435,0.0,0.0
149,3.060943365097046,1.6564477682113647,94.26518249511719,1.7909508451604625,-19.15450708479392,-79.1175364161391,1.4608258,-1.4558971,4.5530834,0.0,0.0,78.05339435195924,-14.040879,80.86088,67.88,1.6000698,-103.5241,2.8845868,0.09127209,0.0,0.0,11.917968,76.084595,-69.12779,18.56332,-67.30952,2.4014897,-0.109160334,0.0,0.0
150,3.1553800106048584,1.584598422050476,94.37329864501953,1.7730861873190473,-16.451711723947454,-78.88594700612397,-1.0919662,-1.8332047,-2.7759624,0.0,0.0,78.02491525268556,-21.275944,86.75098,70.698875,-2.6423438,-103.27182,2.8604271,0.20855057,0.0,0.0,16.251944,76.63826,-69.12805,18.171572,-70.50784,2.1511831,-0.11283078,0.0,0.0
151,3.2284979820251465,1.6214665174484253,94.44384002685547,2.003056047915578,-15.917554625316896,-78.95647872332687,-2.987145,-2.650998,-4.261824,0.0,0.0,78.01217177963258,-25.982891,91.20766,74.54767,-3.5205984,-101.100655,2.6170704,0.17995097,0.0,0.0,18.94967,77.316956,-70.92196,19.07286,-71.59373,1.8657728,-0.11199799,0.0,0.0
152,3.2103590965270996,1.7890015840530396,94.49177551269531,2.190180725244012,-15.196176228257013,-79.12907399922612,-4.1305223,-3.5489504,-5.070043,0.0,0.0,78.0016575202942,-29.337437,94.492714,78.71513,-2.4842637,-98.986244,2.351298,0.11808508,0.0,0.0,20.64839,78.20582,-73.80239,19.759588,-70.99496,1.6988437,-0.089919165,0.0,0.0
153,3.151517629623413,2.035585880279541,94.53227996826172,2.2728477023217803,-14.65565938813608,-79.80453650535972,-4.5315647,-4.141587,-4.903901,0.0,0.0,78.01724413490297,-30.88439,95.68628,80.71187,-1.0660005,-97.93069,2.181457,0.119366445,0.0,0.0,21.309015,78.79864,-76.37608,20.69317,-69.441055,1.6488483,-0.053415254,0.0,0.0
154,3.080146074295044,2.327603578567505,94.552978515625,2.3150192440094592,-14.39424402502927,-80.50604297848167,-4.6241302,-4.5650473,-4.0580916,0.0,0.0,78.0267629966736,-30.57759,94.78639,80.894585,0.16900517,-97.59386,2.0588431,0.1172732,0.0,0.0,20.987661,79.04048,-78.38955,21.118134,-67.569084,1.6824876,-0.021223249,0.0,0.0
155,3.0029730796813965,2.729414224624634,94.60398864746094,2.291050127732967,-14.224238603640929,-81.42340386010363,-4.383385,-4.8691497,-2.9468598,0.0,0.0,78.0767832145691,-28.423857,91.99323,80.05339,0.89287555,-97.610855,2.0305264,0.110625066,0.0,0.0,19.68296,78.749825,-78.89563,20.60901,-66.03142,1.7860383,-0.006161541,0.0,0.0
156,2.8378705978393555,3.1537094116210938,94.67291259765625,2.039116438816076,-13.610591613818379,-82.36155292315284,-3.7142997,-4.9321136,-2.3802586,0.0,0.0,78.17030290222169,-25.24866,88.19064,78.51799,1.3576334,-98.043,2.112988,0.034544185,0.0,0.0,18.059872,78.02483,-78.37057,19.556892,-64.531136,1.9373536,-0.0025057725,0.0,0.0
157,2.7095117568969727,3.6479082107543945,94.75341796875,1.9849218116797143,-13.296385994669528,-83.37948365913087,-3.003303,-5.273601,-1.0540998,0.0,0.0,78.26627234077455,-21.516787,83.50675,77.4941,2.0531335,-97.78521,2.2564354,-0.09584943,0.0,0.0,16.153963,76.884865,-77.36824,18.689045,-64.12772,2.1013029,-0.014301754,0.0,0.0
158,2.6219425201416016,4.164767742156982,94.79869079589844,1.9564204070965565,-13.203500086522018,-84.51364153782585,-2.0758781,-5.7221546,1.2441607,0.0,0.0,78.29680780029298,-17.611532,78.792,76.71912,3.240618,-97.63546,2.2906868,-0.17875953,0.0,0.0,14.004954,75.42158,-76.606544,18.04806,-64.147415,2.2221181,-0.048418555,0.0,0.0
159,2.6088576316833496,4.735682964324951,94.83851623535156,2.0630777553963386,-13.456964530352755,-85.8756943463193,-0.9722291,-6.268707,4.6595078,0.0,0.0,78.31079104995729,-13.664131,74.611176,75.68379,4.9727526,-97.51062,2.24447,-0.16910486,0.0,0.0,11.518658,74.13111,-76.37438,17.350449,-63.824337,2.329489,-0.08173471,0.0,0.0
